{"서울특별시 강동구": [37.468897864932146, 127.06939243135002], "서울특별시 금천구": [37.45764668782557, 126.8864381578234], "서울특별시 구로구": [37.48043014526371, 126.84882659912113], "서울특별시 관악구": [37.526754220326794, 127.10553328196215], "서울특별시 종로구": [37.57897067070011, 126.98006415367131], "서울특별시 중랑구": [37.57199325561529, 127.10681610107429], "서울특별시 마포구": [37.544777658250645, 126.89555316501199], "서울특별시 노원구": [37.623303070068395, 127.08698883056645], "서울특별시 서초구": [37.457876703013596, 127.02367898692259], "서울특별시 서대문구": [37.56793820416489, 126.92690333613646], "서울특별시 성북구": [37.58858658285706, 127.02727508544928], "서울특별시 동대문구": [37.5132135391236, 127.14725608825685], "서울특별시 송파구": [37.47603123982752, 127.1208643595378], "서울특별시 양천구": [37.512883867536324, 126.84325081961502], "서울특별시 은평구": [37.60374110085629, 126.92179189409534], "서울특별시 용산구": [37.51718368530277, 126.97029876708991], "울산광역시 북구": [35.538730536566945, 129.37152845594633], "울산광역시 동구": [35.498991860869225, 129.42887518023923], "울산광역시 중구": [35.54317005475368, 129.34784539540613], "울산광역시 남구": [35.48743054440152, 129.36731196353315], "울산광역시 울주군": [35.38591907642513, 129.35132570619953], "부산광역시 북구": [35.226387230125695, 129.04208910143058], "부산광역시 부산진구": [35.15238599424014, 129.04388201678245], "부산광역시 동구": [35.19915759178905, 129.0958094443045], "부산광역시 강서구": [35.08694399320165, 129.01970731295077], "부산광역시 금정구": [35.269649505615284, 129.11693661711942], "부산광역시 기장군": [35.26654744383893, 129.25334378608372], "부산광역시 해운대구": [35.16784168538314, 129.17332055146562], "부산광역시 남구": [35.09255599975595, 129.12697099958163], "부산광역시 사하구": [34.98006796329587, 128.99118074457712], "부산광역시 사상구": [35.14157231648769, 128.98782145182298], "부산광역시 연제구": [35.18009463223554, 129.10423306551868], "충청북도 보은군": [36.455930341191696, 127.70896905209844], "충청북도 청주시": [36.60577174595429, 127.44490078517374], "충청북도 청원구": [36.5799944196429, 127.48362954275954], "충청북도 충주시": [36.97020825651507, 127.89212724351397], "충청북도 단양군": [36.955992600856725, 128.39387864332937], "충청북도 음성군": [36.946484453096204, 127.62775739534639], "충청북도 괴산군": [36.72864936782933, 127.83127562014649], "충청북도 제천시": [37.029874893433316, 128.12828529072323], "충청북도 증평군": [36.136392537285346, 127.80438355838557], "충청북도 진천군": [36.832507605691596, 127.42659900257894], "충청북도 옥천군": [36.28181574366119, 127.6401059262388], "충청남도 아산시": [36.885826110839844, 126.83933067321786], "충청남도 보령시": [36.548938854320674, 127.23599841143638], "충청남도 부여군": [36.2493634946419, 126.86025885379681], "충청남도 천안시": [36.75105682899216, 127.17206920755325], "충청남도 청양군": [36.423769562332765, 126.85172808611841], "충청남도 당진시": [36.94413705599519, 126.80814594333472], "충청남도 금산군": [36.11440324361349, 127.47089527771541], "충청남도 공주시": [36.45413428467594, 127.07924840357401], "충청남도 계룡시": [36.292153445157176, 127.195841702548], "충청남도 홍성군": [36.51873060714378, 126.48488652428931], "충청남도 논산시": [36.182776295055085, 127.14072397405457], "충청남도 서천군": [36.035015388771455, 126.52359686957479], "충청남도 서산시": [36.61822784423834, 126.37538360595725], "충청남도 태안군": [36.11801325131779, 125.98226719686447], "충청남도 예산군": [36.66545704848898, 126.76321411132818], "대구광역시 북구": [35.86549781350534, 128.5817515055339], "대구광역시 달성군": [35.818892739035924, 128.56740223277706], "대구광역시 동구": [35.87795926317761, 128.67457354510276], "대구광역시 중구": [35.808473163180935, 128.60900794135202], "대구광역시 남구": [35.78866302490239, 128.60281066894538], "대구광역시 수성구": [35.782640890641694, 128.6702228892934], "대전광역시 대덕구": [36.37999343872075, 127.4180477209259], "대전광역시 동구": [36.294393646583174, 127.44358371348869], "대전광역시 중구": [36.264949798584034, 127.38413047790534], "대전광역시 유성구": [36.36378052655393, 127.31920388165645], "강원특별자치도 철원군": [38.22819775275469, 127.41379452111592], "강원특별자치도 춘천시": [37.851733111263705, 127.7483113749644], "강원특별자치도 동해시": [37.523863204264934, 129.1257429355529], "강원특별자치도 강릉시": [37.59981060028079, 129.08139038085955], "강원특별자치도 고성군": [38.25448029129602, 128.5796361852577], "강원특별자치도 횡성군": [37.44729762077335, 128.0539961814881], "강원특별자치도 홍천군": [37.722689226269765, 128.06823080778128], "강원특별자치도 화천군": [38.10072406133021, 127.6804768774245], "강원특별자치도 인제군": [38.07963637462274, 128.26082601175685], "강원특별자치도 정선군": [37.36477626453751, 128.75767646558364], "강원특별자치도 평창군": [37.17285914499255, 128.49297414060504], "강원특별자치도 삼척시": [37.28419191409392, 129.32644183819127], "강원특별자치도 속초시": [38.19779928107026, 128.61328285618842], "강원특별자치도 태백시": [37.13821008470328, 128.98884561326776], "강원특별자치도 원주시": [37.266804949837486, 127.9687535066783], "강원특별자치도 양구군": [38.006849965741594, 128.74299867691548], "광주광역시 북구": [35.16205178537682, 126.94008390365113], "광주광역시 동구": [35.11226480657409, 126.96819051106776], "광주광역시 광산구": [35.12655834718189, 126.8228684338657], "경기도 안산시": [37.31487400391527, 126.74576181523946], "경기도 안성시": [37.00688836068823, 127.30923155582317], "경기도 양평군": [37.788680692262325, 127.01115967955778], "경기도 부천시": [37.493439038594595, 126.79723230997725], "경기도 동두천시": [37.88559913635259, 127.09130859375004], "경기도 가평군": [38.05653061233209, 126.99471784471648], "경기도 김포시": [37.77698557000418, 126.53514313279553], "경기도 군포시": [37.31744072654035, 126.92921470873289], "경기도 구리시": [37.564148047031544, 127.16142351199424], "경기도 과천시": [37.420224634806374, 127.00965830485032], "경기도 광명시": [37.36641979217534, 127.30265698066131], "경기도 연천군": [37.473058465409004, 127.58148689792586], "경기도 하남시": [37.49041872246326, 127.21776971151667], "경기도 화성시 동탄구": [37.38967330932622, 127.1306814575196], "경기도 이천시": [37.14846577560697, 127.49362403468086], "경기도 오산시": [37.17124373824513, 127.0195702446832], "경기도 파주시": [37.867047197236836, 126.80553742656564], "경기도 포천시": [37.93904237623343, 127.27255050857353], "경기도 시흥시": [37.31582075176825, 126.60627515388276], "경기도 수원시": [37.27601056221208, 127.0064092782828], "경기도 의정부시": [37.6881206881616, 127.09135560066474], "경기도 의왕시": [37.35071260788867, 127.01911656996788], "경기도 여주시": [37.25579379853753, 127.62716827392583], "경기도 용인시 처인구": [37.1965732101567, 127.2240926569159], "경상북도 안동시": [36.53646668848006, 128.75811702800252], "경상북도 봉화군": [36.91981885674299, 128.92895353510144], "경상북도 청도군": [35.64115827446746, 128.82277391446354], "경상북도 청송군": [36.32569645672314, 129.0557771077971], "경상북도 칠곡군": [35.97860080756035, 128.45851016739044], "경상북도 김천시": [36.030264918009486, 128.06993225097665], "경상북도 영덕군": [36.69215669704762, 129.1613739246631], "경상북도 구미시": [36.17235416674436, 128.34558035581173], "경상북도 군위군": [36.13366521199549, 128.64363006591802], "경상북도 포항시 남구": [36.01732772827155, 129.42291503906267], "경상북도 상주시": [36.41018787507093, 128.01439523184177], "경상북도 성주군": [36.332361837228184, 128.5969002246857], "경상북도 울진군": [36.90885823111231, 129.41900290823992], "경상북도 울릉군": [37.52822281142419, 130.9373512914627], "경상북도 예천군": [36.62381597665645, 128.41103973388678], "경상남도 창녕군": [35.468838080931285, 128.5108709442482], "경상남도 창원시": [35.060708318437946, 128.57226725987033], "경상남도 거창군": [35.70308337492105, 127.93465457243083], "경상남도 거제시": [34.53720340213272, 128.73302851496535], "경상남도 김해시": [35.24860223810728, 128.8660184170338], "경상남도 고성군": [34.79491043090826, 128.25092450310223], "경상남도 하동군": [34.92523646999056, 127.83232364139056], "경상남도 함안군": [35.26380598688704, 128.454254885754], "경상남도 함양군": [35.38069606063394, 129.06579333012655], "경상남도 합천군": [35.56473621818594, 128.1858635185669], "경상남도 창원시 진해구": [35.05886553646483, 128.66899040307908], "경상남도 진주시": [35.18524416031381, 128.16428073760008], "경상남도 양산시": [35.470189608060444, 128.82359079214248], "경상남도 남해군": [34.676014293323995, 127.94923007849508], "경상남도 사천시": [34.92345474987504, 128.03868624059183], "경상남도 산청군": [35.36031596844018, 127.91302807147692], "경상남도 통영시": [34.54239949640247, 128.44220863198356], "경상남도 의령군": [35.359315872192425, 128.3081315693103], "인천광역시 부평구": [37.40975658288988, 126.64681798761548], "인천광역시 동구": [37.38936240332474, 126.66127749851788], "인천광역시 강화군": [37.574221111479346, 126.56171894722264], "인천광역시 계양구": [37.530001872294704, 126.7414251791465], "인천광역시 중구": [35.09495252317145, 129.04072625787427],